geohash,weight
u339b8,31
u339bb,49
u339c0,56
u339c8,29
u339cb,21
u333z3,46
u333z9,29
u339b1,52
u339b3,34
u339b9,58
u339bc,24
u339c1,54
u339c3,52
u339c9,41
u339cc,35
u339f1,53
u339f3,54
u339fc,29
u333yd,23
u333yf,24
u333z4,45
u333z6,35
u333zd,31
u333zf,46
u339b4,27
u339b6,27
u339bd,60
u339bf,42
u339c4,54
u339cd,33
u339cf,28
u339f4,55
u339f6,46
u339fd,57
u339ff,31
u339g4,42
u339g6,43
u333y5,36
u333y7,60
u333yg,24
u333z5,52
u333z7,23
u333ze,60
u333zg,59
u339b5,20
u339b7,47
u339be,31
u339bg,24
u339c5,38
u339c7,55
u339ce,40
u339cg,57
u339f5,32
u339f7,44
u339fe,51
u339fg,51
u339g5,20
u339g7,21
u339ge,55
u333vu,55
u333yh,23
u333yk,23
u333ys,51
u333yu,39
u333zh,31
u333zk,37
u333zs,42
u333zu,28
u339bh,60
u339bk,38
u339bs,25
u339bu,34
u339ch,29
u339ck,23
u339cs,29
u339fh,30
u339fk,29
u339fs,57
u339fu,39
u339gh,52
u339gk,24
u339gs,37
u339gu,49
u339uh,59
u333vt,36
u333vv,54
u333yj,28
u333ym,37
u333yt,30
u333yv,38
u333zm,60
u333zt,59
u333zv,54
u339bj,39
u339bt,35
u339bv,31
u339cj,38
u339cm,58
u339ct,42
u339cv,26
u339fj,59
u339fm,42
u339ft,22
u339fv,40
u339gj,26
u339gm,23
u339gt,44
u339gv,30
u339uj,56
u339um,44
u339ut,37
u333vn,41
u333vq,28
u333vw,30
u333vy,47
u333yn,33
u333yq,23
u333yw,60
u333yy,23
u333zn,31
u333zq,55
u333zw,35
u333zy,53
u339bn,45
u339bw,53
u339by,47
u339cn,25
u339cq,24
u339cw,31
u339cy,49
u339fn,45
u339fq,40
u339fw,54
u339fy,37
u339gn,20
u339gq,46
u339gw,50
u339un,23
u339uq,57
u339uw,54
u339uy,26
u333uz,32
u333vp,52
u333vr,56
u333vx,30
u333vz,51
u333yp,36
u333yr,26
u333yx,55
u333yz,53
u333zp,21
u333zr,34
u333zx,52
u333zz,53
u339bp,52
u339br,55
u339bx,29
u339bz,38
u339cp,52
u339cr,21
u339cx,33
u339cz,59
u339fp,46
u339fr,59
u339fx,58
u339fz,59
u339gp,59
u339gr,25
u339gx,49
u339gz,45
u339up,36
u339ur,31
u339ux,21
u339uz,43
u339vp,51
u336hb,47
u336j0,33
u336j2,49
u336j8,33
u336jb,36
u336n0,25
u336n2,58
u336n8,57
u336nb,33
u336p0,21
u336p2,38
u336p8,47
u336pb,38
u33d00,39
u33d02,52
u33d08,24
u33d0b,45
u33d10,53
u33d12,47
u33d1b,30
u33d42,37
u33d48,28
u33d4b,40
u33d52,50
u33d58,25
u33d5b,28
u33dh2,32
u33dh8,40
u33dhb,49
u33dj0,46
u33dj2,58
u336h3,49
u336h9,53
u336hc,56
u336j1,39
u336j3,30
u336j9,51
u336jc,46
u336n1,24
u336n3,32
u336n9,43
u336nc,31
u336p3,38
u336p9,38
u336pc,38
u33d01,44
u33d03,55
u33d0c,34
u33d11,54
u33d13,37
u33d19,42
u33d1c,29
u33d43,33
u33d49,36
u33d4c,39
u33d53,37
u33d59,22
u33d5c,27
u33dh1,25
u33dh3,32
u33dh9,54
u33dhc,54
u33dj1,34
u33dj3,24
u33dj9,63
u336h6,46
u336hd,46
u336hf,58
u336j4,21
u336j6,25
u336jd,43
u336jf,49
u336n4,28
u336n6,52
u336nd,55
u336p4,35
u336p6,61
u336pf,49
u33d04,25
u33d06,55
u33d0d,25
u33d0f,52
u33d14,37
u33d16,40
u33d1d,54
u33d1f,24
u33d44,45
u33d46,48
u33d4d,50
u33d4f,31
u33d54,42
u33d56,39
u33d5d,33
u33d5f,57
u33dh4,60
u33dh6,44
u33dhf,61
u33dj4,35
u33dj6,40
u33djd,53
u33djf,24
u336h5,23
u336h7,40
u336he,48
u336hg,40
u336j5,24
u336j7,48
u336je,44
u336jg,43
u336n5,52
u336n7,52
u336ne,34
u336ng,33
u336p5,46
u336p7,32
u336pe,44
u336pg,62
u33d05,34
u33d07,29
u33d0g,42
u33d15,59
u33d17,48
u33d1e,55
u33d1g,55
u33d45,39
u33d4e,58
u33d4g,54
u33d55,24
u33d57,24
u33d5e,46
u33d5g,65
u33dh5,58
u33dh7,61
u33dhe,52
u33dhg,49
u33dj5,71
u33dj7,55
u33dje,58
u33djg,34
u3365u,46
u336hk,20
u336hs,44
u336hu,30
u336jh,49
u336jk,49
u336js,53
u336ju,49
u336nh,42
u336nk,52
u336nu,35
u336ph,59
u336pk,40
u336ps,55
u336pu,64
u33d0h,44
u33d0k,25
u33d0s,35
u33d0u,25
u33d1h,54
u33d1k,58
u33d1s,47
u33d1u,22
u33d4h,39
u33d4k,57
u33d4s,44
u33d4u,41
u33d5h,36
u33d5k,50
u33d5s,39
u33d5u,40
u33dhh,64
u33dhk,53
u33dhs,50
u33dhu,54
u33djh,77
u33djk,57
u33djs,40
u33dju,59
u33dnh,57
u3365v,42
u336hj,38
u336hm,25
u336ht,45
u336hv,27
u336jj,43
u336jm,61
u336jt,42
u336jv,58
u336nj,56
u336nm,41
u336nt,72
u336nv,56
u336pj,72
u336pm,69
u336pt,43
u336pv,46
u33d0j,48
u33d0m,36
u33d0t,47
u33d0v,42
u33d1j,43
u33d1m,43
u33d1t,39
u33d1v,28
u33d4j,43
u33d4t,51
u33d4v,54
u33d5j,49
u33d5m,64
u33d5t,30
u33d5v,56
u33dhj,72
u33dhm,62
u33dht,74
u33dhv,72
u33djj,64
u33djm,56
u33djt,64
u33djv,68
u33dnj,44
u33dnm,54
u3365y,23
u336hn,57
u336hq,50
u336hw,24
u336hy,56
u336jn,49
u336jq,25
u336jw,37
u336jy,34
u336nn,54
u336nw,75
u336ny,52
u336pn,49
u336pq,52
u336pw,40
u336py,72
u33d0n,38
u33d0q,42
u33d0w,51
u33d0y,33
u33d1n,30
u33d1q,41
u33d1w,44
u33d1y,61
u33d4n,60
u33d4q,32
u33d4w,49
u33d4y,24
u33d5n,44
u33d5q,38
u33d5w,56
u33d5y,62
u33dhn,70
u33dhq,76
u33dhw,79
u33dhy,82
u33djn,72
u33djq,80
u33djw,57
u33djy,46
u33dnn,54
u33dnq,49
u3365r,53
u3365x,53
u3365z,52
u336hp,34
u336hr,59
u336hx,59
u336hz,50
u336jp,61
u336jr,39
u336jx,28
u336jz,50
u336np,64
u336nr,77
u336nx,54
u336nz,54
u336pp,77
u336px,82
u336pz,55
u33d0p,43
u33d0r,44
u33d0x,32
u33d0z,31
u33d1p,51
u33d1r,61
u33d1x,53
u33d1z,39
u33d4p,42
u33d4x,37
u33d4z,61
u33d5p,29
u33d5r,51
u33d5x,49
u33d5z,49
u33dhp,84
u33dhr,85
u33dhz,98
u33djp,70
u33djr,63
u33djx,61
u33djz,79
u33dnp,42
u33dnr,30
u33dnx,32
u33672,30
u3367b,21
u336k0,30
u336k8,50
u336kb,51
u336m0,54
u336m2,30
u336mb,68
u336q0,65
u336q8,80
u336qb,94
u336r2,69
u336r8,63
u336rb,78
u33d20,58
u33d22,59
u33d28,57
u33d2b,58
u33d30,54
u33d32,56
u33d38,44
u33d3b,39
u33d60,41
u33d62,41
u33d68,39
u33d70,60
u33d72,35
u33d78,70
u33d7b,70
u33dk0,70
u33dk2,81
u33dk8,104
u33dkb,106
u33dm0,99
u33dm2,92
u33dm8,86
u33dmb,54
u33dq0,54
u33dq2,55
u33dq8,61
u33671,53
u33679,57
u3367c,31
u336k1,48
u336k9,56
u336kc,38
u336m3,58
u336m9,51
u336mc,57
u336q1,84
u336q9,81
u336qc,108
u336r1,110
u336r3,99
u336r9,104
u336rc,81
u33d21,81
u33d29,55
u33d2c,36
u33d31,43
u33d33,44
u33d39,33
u33d3c,39
u33d61,58
u33d63,61
u33d69,29
u33d71,65
u33d73,56
u33d79,69
u33dk1,75
u33dk3,98
u33dk9,118
u33dkc,119
u33dm1,107
u33dm3,92
u33dm9,79
u33dmc,60
u33dq1,47
u33dq3,70
u33dq9,57
u33dqc,57
u33674,26
u33676,44
u3367d,46
u3367f,51
u336k4,50
u336k6,38
u336kd,44
u336kf,47
u336m4,50
u336m6,33
u336md,50
u336mf,50
u336q4,73
u336q6,77
u336qd,91
u336qf,131
u336r4,120
u336r6,119
u336rd,123
u336rf,108
u33d24,77
u33d2d,53
u33d2f,60
u33d34,66
u33d36,56
u33d3d,63
u33d3f,50
u33d64,51
u33d66,48
u33d6d,63
u33d6f,32
u33d74,57
u33d76,64
u33d7d,79
u33d7f,67
u33dk4,71
u33dk6,116
u33dkd,102
u33dkf,128
u33dm4,103
u33dm6,113
u33dmd,102
u33dmf,84
u33dq4,70
u33dq6,50
u33dqd,36
u33dqf,62
u33675,29
u33677,23
u3367e,24
u3367g,53
u336k5,22
u336k7,51
u336ke,36
u336kg,56
u336m5,59
u336m7,50
u336me,68
u336mg,72
u336q5,99
u336q7,108
u336qe,134
u336qg,146
u336r5,154
u336r7,130
u336re,117
u336rg,128
u33d25,109
u33d27,77
u33d2e,98
u33d2g,67
u33d35,99
u33d37,98
u33d3e,103
u33d3g,80
u33d65,64
u33d6e,41
u33d6g,43
u33d77,73
u33d7e,70
u33d7g,60
u33dk5,100
u33dk7,84
u33dkg,95
u33dm5,123
u33dm7,111
u33dme,74
u33dq5,62
u33dq7,54
u33dqe,65
u33dqg,25
u33dr5,32
u3366u,37
u3367h,30
u3367k,47
u3367u,41
u336kh,60
u336kk,36
u336ks,47
u336mh,59
u336mk,64
u336ms,76
u336qh,99
u336qk,104
u336qs,132
u336qu,151
u336rh,132
u336rk,144
u336rs,117
u336ru,104
u33d2h,112
u33d2k,106
u33d2s,113
u33d2u,102
u33d3h,130
u33d3k,105
u33d3s,136
u33d3u,130
u33d6h,120
u33d6k,85
u33d6s,72
u33d7h,61
u33d7k,59
u33d7s,47
u33d7u,66
u33dkh,82
u33dks,120
u33dku,129
u33dmh,126
u33dmk,82
u33dms,82
u33dmu,83
u33dqh,50
u33dqs,31
u33dqu,39
u33drh,45
u3366v,47
u3367j,35
u3367m,43
u3367t,36
u3367v,30
u336kj,50
u336km,37
u336kt,33
u336kv,43
u336mj,41
u336mm,57
u336mt,83
u336mv,101
u336qj,89
u336qm,140
u336qv,159
u336rj,176
u336rm,175
u336rt,160
u336rv,121
u33d2j,114
u33d2m,107
u33d2t,126
u33d2v,146
u33d3j,141
u33d3m,188
u33d3t,170
u33d6j,156
u33d6m,110
u33d6t,83
u33d6v,83
u33d7j,49
u33d7m,56
u33d7t,45
u33d7v,57
u33dkj,74
u33dkm,85
u33dkt,115
u33dkv,92
u33dmj,102
u33dmm,86
u33dmt,83
u33dmv,90
u33dqj,68
u33dqm,58
u33dqt,50
u33drj,48
u3366y,46
u3367n,37
u3367q,40
u3367w,32
u3367y,40
u336kn,48
u336kw,40
u336ky,34
u336mn,44
u336mq,69
u336mw,92
u336my,86
u336qn,106
u336qq,126
u336qw,139
u336qy,163
u336rn,162
u336rq,155
u336rw,164
u336ry,163
u33d2n,150
u33d2w,187
u33d2y,210
u33d3q,230
u33d3w,238
u33d3y,217
u33d6n,182
u33d6q,156
u33d6w,106
u33d6y,87
u33d7q,61
u33d7w,53
u33d7y,74
u33dkn,94
u33dkq,96
u33dkw,108
u33dky,81
u33dmq,71
u33dmw,76
u33dmy,72
u33dqn,52
u33dqq,38
u33dqw,56
u33dqy,37
u33drn,43
u33drq,33
u3366x,35
u3366z,59
u3367p,52
u3367x,40
u3367z,52
u336kp,44
u336kr,45
u336kx,49
u336kz,61
u336mr,82
u336mx,59
u336mz,84
u336qp,118
u336qr,162
u336qz,164
u336rp,176
u336rr,181
u336rx,161
u336rz,165
u33d2p,186
u33d2r,195
u33d2x,220
u33d2z,240
u33d3p,272
u33d3r,297
u33d3x,294
u33d3z,275
u33d6p,257
u33d6r,179
u33d6x,145
u33d6z,119
u33d7p,94
u33d7r,55
u33d7x,69
u33d7z,61
u33dkp,68
u33dkr,77
u33dkx,88
u33dkz,87
u33dmp,71
u33dmr,78
u33dmx,52
u33dmz,71
u33dqr,51
u33dqx,42
u33dqz,58
u33drp,29
u33drr,33
u336d8,56
u336db,43
u336e0,49
u336e2,57
u336e8,56
u336eb,58
u336s0,38
u336s2,61
u336s8,62
u336sb,30
u336t0,41
u336t2,60
u336t8,87
u336tb,124
u336w0,131
u336w2,141
u336w8,175
u336wb,178
u336x0,207
u336x2,204
u336x8,205
u336xb,206
u33d80,189
u33d82,219
u33d88,264
u33d8b,308
u33d90,370
u33d92,379
u33d98,366
u33dd0,282
u33dd2,226
u33dd8,182
u33ddb,109
u33de0,101
u33de2,71
u33de8,45
u33deb,69
u33ds0,59
u33ds2,66
u33ds8,77
u33dsb,62
u33dt0,86
u33dt2,66
u33dt8,46
u33dtb,39
u33dw0,52
u33dw2,33
u33dw8,45
u33dwb,30
u33dx0,25
u33dx2,53
u336d9,41
u336dc,23
u336e1,53
u336e3,37
u336e9,52
u336ec,25
u336s1,26
u336sc,49
u336t1,71
u336t3,80
u336t9,113
u336tc,132
u336w1,139
u336w3,177
u336w9,198
u336wc,192
u336x1,210
u336x9,191
u336xc,226
u33d81,243
u33d83,269
u33d89,322
u33d8c,398
u33d91,452
u33d93,479
u33d99,444
u33dd1,356
u33dd3,252
u33dd9,190
u33ddc,122
u33de1,75
u33de3,61
u33de9,68
u33dec,60
u33ds1,50
u33ds3,45
u33ds9,51
u33dsc,46
u33dt1,77
u33dt3,65
u33dt9,56
u33dtc,70
u33dw1,59
u33dw3,42
u33dw9,38
u33dwc,40
u33dx1,33
u33dx3,53
u336dd,43
u336df,43
u336e4,31
u336e6,48
u336ed,58
u336ef,54
u336s4,37
u336s6,52
u336sd,39
u336sf,66
u336t4,65
u336t6,74
u336td,83
u336tf,147
u336w4,178
u336w6,176
u336wd,196
u336wf,223
u336x4,221
u336x6,222
u336xd,233
u336xf,232
u33d84,279
u33d86,347
u33d8d,390
u33d8f,449
u33d94,506
u33d96,547
u33d9d,519
u33d9f,476
u33dd4,399
u33dd6,312
u33ddd,229
u33ddf,153
u33de4,87
u33de6,59
u33ded,58
u33def,55
u33ds6,68
u33dsd,62
u33dsf,52
u33dt4,44
u33dt6,34
u33dtd,46
u33dtf,55
u33dw4,45
u33dw6,24
u33dwd,22
u33dwf,32
u33dx4,21
u33dx6,47
u33dxd,56
u336de,25
u336dg,29
u336e5,55
u336e7,40
u336ee,42
u336eg,68
u336s5,58
u336s7,59
u336se,67
u336sg,57
u336t7,75
u336te,109
u336tg,143
u336w5,156
u336w7,183
u336we,239
u336x5,227
u336x7,263
u336xe,238
u336xg,272
u33d85,324
u33d87,389
u33d8e,436
u33d8g,515
u33d95,578
u33d97,600
u33d9e,574
u33d9g,535
u33dd7,328
u33dde,228
u33ddg,177
u33de7,67
u33dee,59
u33deg,70
u33ds5,57
u33ds7,33
u33dse,62
u33dsg,33
u33dt5,58
u33dt7,58
u33dtg,37
u33dw5,34
u33dw7,30
u33dwe,43
u33dwg,22
u33dx5,24
u33dx7,33
u33dxe,32
u336ds,25
u336du,59
u336eh,47
u336ek,42
u336es,42
u336eu,35
u336sh,53
u336sk,42
u336ss,53
u336su,72
u336th,63
u336tk,114
u336ts,125
u336tu,144
u336wh,196
u336wk,234
u336ws,231
u336wu,241
u336xh,278
u336xk,257
u336xs,278
u336xu,298
u33d8h,370
u33d8k,411
u33d8s,509
u33d8u,588
u33d9h,655
u33d9k,663
u33d9s,620
u33d9u,570
u33ddh,454
u33ddk,353
u33dds,253
u33deh,132
u33dek,75
u33des,77
u33deu,53
u33dsh,42
u33dsk,48
u33dss,29
u33dsu,52
u33dtk,64
u33dts,40
u33dtu,62
u33dwh,22
u33dwk,42
u33dws,44
u33dwu,38
u33dxh,51
u33dxk,40
u33dxs,21
u336dm,38
u336dt,27
u336dv,30
u336ej,45
u336em,50
u336et,52
u336ev,52
u336sj,76
u336sm,81
u336st,78
u336sv,96
u336tj,73
u336tm,105
u336tt,116
u336tv,145
u336wm,227
u336wt,250
u336wv,270
u336xj,280
u336xm,261
u336xt,312
u336xv,325
u33d8j,380
u33d8m,465
u33d8t,552
u33d8v,628
u33d9j,691
u33d9m,701
u33d9t,646
u33d9v,560
u33ddj,456
u33ddm,345
u33ddt,255
u33ddv,159
u33dej,104
u33dem,89
u33det,81
u33dev,50
u33dsj,39
u33dsm,27
u33dst,24
u33dsv,56
u33dtj,43
u33dtm,50
u33dtt,56
u33dwj,52
u33dwm,32
u33dwt,27
u33dwv,50
u33dxj,42
u33dxm,25
u33dxt,53
u336dw,52
u336dy,65
u336en,63
u336eq,47
u336ew,59
u336ey,80
u336sn,92
u336sq,66
u336sw,84
u336sy,94
u336tn,80
u336tq,97
u336tw,113
u336ty,151
u336wn,185
u336wq,214
u336ww,261
u336wy,270
u336xn,291
u336xq,301
u336xw,322
u336xy,363
u33d8n,420
u33d8q,502
u33d8w,578
u33d8y,645
u33d9n,701
u33d9q,724
u33d9w,668
u33d9y,602
u33ddn,495
u33ddq,342
u33ddw,268
u33ddy,176
u33deq,85
u33dew,59
u33dey,42
u33dsn,39
u33dsq,46
u33dsw,36
u33dsy,24
u33dtn,53
u33dtq,26
u33dty,59
u33dwn,48
u33dwq,46
u33dww,58
u33dwy,46
u33dxn,35
u33dxq,27
u33dxw,32
u336dr,31
u336dz,47
u336ep,42
u336er,40
u336ex,80
u336ez,73
u336sp,66
u336sr,97
u336sx,84
u336sz,80
u336tp,111
u336tr,132
u336tz,162
u336wp,195
u336wr,200
u336wx,245
u336wz,237
u336xp,276
u336xr,277
u336xx,301
u336xz,346
u33d8p,425
u33d8r,510
u33d8x,601
u33d8z,675
u33d9p,714
u33d9r,725
u33d9x,652
u33d9z,603
u33ddp,461
u33ddr,366
u33ddx,279
u33ddz,196
u33dep,136
u33der,79
u33dex,73
u33dsp,28
u33dsx,53
u33dsz,46
u33dtp,38
u33dtr,24
u33dtx,45
u33dtz,33
u33dwp,28
u33dwr,42
u33dwx,45
u33dxp,48
u33dxx,23
u336f2,41
u336f8,38
u336fb,59
u336g0,64
u336g2,51
u336g8,76
u336gb,94
u336u0,79
u336u2,90
u336ub,116
u336v0,89
u336v8,126
u336vb,149
u336y0,168
u336y2,183
u336y8,228
u336z0,265
u336z2,268
u336z8,287
u336zb,365
u33db0,438
u33db2,503
u33db8,591
u33dc0,705
u33dc2,725
u33dc8,675
u33df0,469
u33df2,373
u33dfb,167
u33dg0,114
u33dg2,84
u33dg8,63
u33dgb,39
u33du0,56
u33du2,23
u33du8,31
u33dub,54
u33dv2,47
u33dv8,49
u33dvb,41
u33dy2,60
u33dy8,24
u33dyb,56
u33dz0,48
u33dz2,59
u33dz8,24
u336f9,49
u336fc,70
u336g1,49
u336g3,81
u336g9,91
u336u1,91
u336u3,113
u336u9,98
u336uc,107
u336v1,129
u336v3,106
u336v9,107
u336vc,144
u336y3,190
u336y9,179
u336yc,205
u336z1,234
u336z9,280
u336zc,346
u33db1,407
u33db9,593
u33dbc,636
u33dc1,687
u33dc3,696
u33dc9,635
u33df1,475
u33df3,336
u33df9,267
u33dfc,158
u33dg1,108
u33dg3,98
u33dg9,44
u33dgc,38
u33du1,33
u33du9,46
u33duc,32
u33dv3,31
u33dv9,28
u33dvc,41
u33dy1,52
u33dy3,60
u33dy9,34
u33dyc,39
u33dz1,40
u33dz3,27
u33dz9,29
u336fd,67
u336ff,63
u336g4,80
u336g6,79
u336gd,99
u336gf,82
u336u4,99
u336u6,129
u336ud,132
u336uf,103
u336v4,125
u336vd,122
u336vf,126
u336y4,124
u336y6,168
u336yd,160
u336yf,166
u336z4,188
u336z6,203
u336zd,248
u336zf,322
u33db4,398
u33db6,448
u33dbd,568
u33dbf,634
u33dc4,677
u33dc6,676
u33dcd,599
u33dcf,523
u33df4,457
u33df6,356
u33dfd,232
u33dff,179
u33dg4,130
u33dg6,87
u33dgd,55
u33dgf,36
u33du4,63
u33du6,38
u33duf,44
u33dv4,59
u33dv6,43
u33dvd,26
u33dvf,30
u33dy4,27
u33dy6,24
u33dyd,46
u33dyf,38
u33dz6,30
u33dzd,20
u336f7,53
u336fe,63
u336fg,49
u336g5,46
u336g7,89
u336ge,96
u336gg,85
u336u5,106
u336ue,108
u336ug,127
u336v5,127
u336v7,110
u336vg,126
u336y5,132
u336y7,112
u336ye,128
u336yg,163
u336z5,161
u336ze,234
u336zg,270
u33db5,349
u33db7,437
u33dbg,561
u33dc5,595
u33dc7,605
u33dce,573
u33dcg,487
u33df5,400
u33df7,313
u33dfe,223
u33dfg,153
u33dg5,96
u33dg7,88
u33dge,55
u33dgg,69
u33du5,47
u33du7,55
u33due,42
u33dug,39
u33dv7,56
u33dve,40
u33dvg,52
u33dy5,45
u33dy7,50
u33dye,59
u33dyg,52
u33dz5,37
u33dz7,37
u33dze,45
u336fk,34
u336fu,49
u336gh,55
u336gk,73
u336gs,100
u336gu,103
u336uh,110
u336uk,123
u336us,138
u336uu,118
u336vh,99
u336vk,93
u336vs,90
u336yh,90
u336yk,110
u336ys,97
u336yu,120
u336zh,153
u336zs,214
u336zu,242
u33dbh,321
u33dbk,400
u33dbs,477
u33dbu,531
u33dch,550
u33dck,542
u33dcs,534
u33dcu,469
u33dfh,390
u33dfk,279
u33dfs,215
u33dfu,167
u33dgh,88
u33dgk,91
u33dgs,49
u33dgu,66
u33duh,35
u33duk,42
u33duu,35
u33dvh,27
u33dvk,44
u33dvs,27
u33dvu,50
u33dyh,31
u33dyk,27
u33dys,59
u33dyu,46
u33dzh,31
u33dzk,21
u336fm,60
u336fv,43
u336gj,53
u336gm,78
u336gt,80
u336gv,88
u336uj,116
u336um,110
u336ut,115
u336uv,123
u336vj,106
u336vm,83
u336vt,67
u336vv,88
u336yj,73
u336ym,103
u336yt,80
u336yv,120
u336zj,130
u336zm,146
u336zt,180
u336zv,235
u33dbj,268
u33dbm,317
u33dbt,402
u33dbv,462
u33dcj,486
u33dcm,504
u33dct,460
u33dcv,420
u33dfj,323
u33dfm,247
u33dft,206
u33dfv,126
u33dgj,93
u33dgm,67
u33dgt,49
u33dgv,41
u33duj,35
u33dum,40
u33dut,44
u33duv,23
u33dvj,40
u33dvm,35
u33dvt,22
u33dvv,25
u33dyj,36
u33dym,56
u33dyt,33
u33dyv,51
u33dzj,45
u33dzt,31
u336fw,33
u336fy,51
u336gn,42
u336gq,74
u336gw,98
u336gy,73
u336uq,98
u336uw,93
u336uy,105
u336vn,100
u336vq,68
u336vw,79
u336vy,84
u336yn,62
u336yq,76
u336yw,93
u336yy,79
u336zn,92
u336zq,134
u336zw,140
u336zy,190
u33dbn,238
u33dbq,270
u33dby,398
u33dcq,435
u33dcy,356
u33dfn,285
u33dfq,226
u33dfw,178
u33dfy,116
u33dgn,97
u33dgq,72
u33dgw,67
u33dgy,56
u33dun,28
u33duq,29
u33duw,31
u33duy,28
u33dvq,40
u33dvw,57
u33dvy,20
u33dyn,56
u33dyq,47
u33dyw,24
u33dyy,49
u33dzn,30
u33dzq,60
u33dzw,39
u336fz,41
u336gp,48
u336gr,47
u336gx,55
u336gz,89
u336up,84
u336ur,99
u336ux,78
u336uz,77
u336vp,101
u336vr,70
u336vx,79
u336vz,75
u336yr,79
u336yx,62
u336yz,83
u336zp,68
u336zx,126
u336zz,169
u33dbp,205
u33dbx,267
u33dbz,322
u33dcp,348
u33dcr,344
u33dcx,331
u33dcz,290
u33dfp,226
u33dfr,182
u33dfx,153
u33dfz,121
u33dgr,68
u33dgx,65
u33dup,42
u33dux,29
u33duz,36
u33dvp,38
u33dvr,38
u33dvx,38
u33dvz,40
u33dyp,24
u33dyx,24
u33dyz,45
u33dzp,40
u33dzr,47
u33748,33
u3374b,50
u33750,51
u33752,67
u33758,76
u3375b,67
u337h0,98
u337h2,83
u337h8,64
u337hb,64
u337j0,81
u337j2,70
u337j8,77
u337jb,54
u337n0,62
u337n2,50
u337n8,70
u337nb,72
u337p0,75
u337p2,66
u337pb,139
u33e00,151
u33e02,203
u33e08,224
u33e0b,235
u33e10,273
u33e12,272
u33e18,278
u33e1b,243
u33e40,215
u33e42,156
u33e48,118
u33e4b,103
u33e50,79
u33e52,66
u33e58,54
u33e5b,49
u33eh0,36
u33eh2,60
u33eh8,59
u33ehb,48
u33ej0,25
u33ej2,39
u33ej8,47
u33ejb,50
u33en0,31
u33en2,52
u33en8,21
u33enb,47
u33ep0,50
u33ep2,31
u33749,56
u3374c,37
u33751,30
u33753,38
u33759,69
u3375c,74
u337h1,58
u337h3,83
u337h9,77
u337hc,64
u337j1,83
u337j9,44
u337jc,62
u337n1,62
u337n3,57
u337n9,60
u337nc,58
u337p1,78
u337p3,55
u337p9,69
u337pc,99
u33e01,118
u33e03,131
u33e09,162
u33e0c,202
u33e11,194
u33e13,193
u33e19,206
u33e1c,181
u33e41,149
u33e43,119
u33e4c,79
u33e51,65
u33e53,42
u33e59,40
u33e5c,32
u33eh1,43
u33eh3,54
u33eh9,21
u33ehc,38
u33ej1,45
u33ej3,58
u33ej9,33
u33ejc,58
u33en1,42
u33en3,56
u33en9,35
u33ep1,56
u33ep3,41
u3374d,29
u33754,29
u33756,60
u3375d,50
u3375f,58
u337h4,79
u337h6,67
u337hd,71
u337hf,58
u337j6,64
u337jd,52
u337jf,37
u337n4,51
u337n6,26
u337nd,48
u337nf,53
u337p4,56
u337p6,42
u337pd,52
u337pf,72
u33e04,107
u33e06,110
u33e0d,131
u33e0f,133
u33e14,169
u33e16,178
u33e1d,160
u33e1f,151
u33e44,116
u33e46,103
u33e4f,71
u33e54,74
u33e56,59
u33e5d,38
u33e5f,48
u33eh4,27
u33eh6,54
u33ehd,27
u33ehf,54
u33ej4,57
u33ej6,38
u33ejf,24
u33en4,39
u33en6,25
u33end,24
u33enf,56
u33ep4,38
u33ep6,32
u3374g,45
u33755,37
u33757,26
u3375e,37
u3375g,49
u337h5,38
u337h7,69
u337he,48
u337hg,55
u337j5,55
u337j7,63
u337je,48
u337ne,47
u337ng,49
u337p5,50
u337p7,72
u337pe,69
u337pg,56
u33e05,86
u33e07,88
u33e0e,97
u33e0g,118
u33e15,130
u33e17,106
u33e1e,113
u33e1g,124
u33e45,113
u33e47,80
u33e4e,57
u33e4g,41
u33e55,33
u33e57,62
u33e5e,42
u33e5g,23
u33eh5,34
u33eh7,41
u33ehe,54
u33ehg,42
u33ej5,46
u33ej7,46
u33eje,41
u33ejg,56
u33en5,34
u33en7,39
u33ene,44
u33eng,26
u33ep5,23
u33ep7,28
u3374u,36
u3375h,27
u3375k,56
u3375s,45
u3375u,35
u337hk,30
u337hs,35
u337hu,29
u337jh,29
u337jk,32
u337js,48
u337ju,23
u337nh,48
u337nk,25
u337ns,62
u337nu,30
u337ph,49
u337pk,60
u337ps,58
u337pu,66
u33e0h,62
u33e0k,60
u33e0s,63
u33e0u,100
u33e1h,86
u33e1k,74
u33e1u,93
u33e4h,59
u33e4k,51
u33e4s,71
u33e4u,63
u33e5h,48
u33e5k,26
u33e5s,31
u33e5u,53
u33ehh,44
u33ehk,51
u33ehs,24
u33ehu,39
u33ejh,54
u33ejk,55
u33ejs,28
u33eju,52
u33enk,46
u33ens,33
u33enu,26
u33eph,30
u3374v,38
u3375j,32
u3375m,52
u3375t,54
u3375v,39
u337hj,35
u337hm,39
u337ht,54
u337hv,51
u337jj,42
u337jm,29
u337jt,38
u337jv,43
u337nj,49
u337nt,25
u337nv,59
u337pj,25
u337pt,42
u337pv,55
u33e0j,63
u33e0m,76
u33e0t,69
u33e0v,55
u33e1j,82
u33e1m,52
u33e1t,69
u33e4m,42
u33e4t,62
u33e4v,43
u33e5j,45
u33e5m,25
u33e5t,33
u33e5v,57
u33ehj,59
u33ehm,44
u33eht,57
u33ehv,30
u33ejm,32
u33ejt,52
u33ejv,55
u33enj,43
u33enm,59
u33ent,51
u33env,58
u33epj,38
u3375n,22
u3375q,24
u3375w,61
u3375y,31
u337hn,61
u337hq,23
u337hw,33
u337hy,49
u337jn,25
u337jq,41
u337jw,57
u337jy,59
u337nn,57
u337nq,29
u337nw,56
u337ny,29
u337pn,46
u337pq,27
u337pw,51
u337py,50
u33e0q,50
u33e0w,53
u33e0y,71
u33e1n,57
u33e1q,74
u33e1w,45
u33e1y,37
u33e4n,51
u33e4q,49
u33e4w,54
u33e4y,63
u33e5n,41
u33e5q,22
u33e5w,44
u33e5y,45
u33ehn,42
u33ehq,39
u33ehw,35
u33ehy,28
u33ejn,35
u33ejq,31
u33ejw,25
u33ejy,29
u33enn,31
u33enq,37
u33enw,26
u33eny,26
u33epn,27
u3375p,60
u3375r,41
u3375x,52
u3375z,44
u337hp,37
u337hr,24
u337hx,40
u337hz,39
u337jp,35
u337jr,58
u337jx,21
u337jz,55
u337np,28
u337nr,46
u337nx,52
u337nz,47
u337pp,50
u337pr,37
u337px,47
u337pz,30
u33e0p,38
u33e0r,49
u33e0x,30
u33e0z,38
u33e1p,41
u33e1r,55
u33e1x,47
u33e1z,42
u33e4p,65
u33e4x,52
u33e4z,60
u33e5p,24
u33e5x,56
u33e5z,21
u33ehp,51
u33ehr,31
u33ehx,46
u33ehz,32
u33ejp,31
u33ejr,25
u33ejx,21
u33ejz,54
u33enp,39
u33enr,42
u33enx,38
u33enz,48
u33770,44
u33772,46
u33778,41
u3377b,33
u337k0,42
u337k2,38
u337k8,31
u337kb,21
u337m0,54
u337m8,57
u337q0,37
u337q8,35
u337qb,43
u337r0,27
u337r2,36
u337r8,32
u337rb,31
u33e20,59
u33e22,50
u33e28,54
u33e2b,41
u33e30,32
u33e32,50
u33e38,35
u33e60,25
u33e62,30
u33e68,32
u33e6b,50
u33e70,27
u33e72,34
u33e78,52
u33e7b,39
u33ek0,33
u33ekb,39
u33em0,54
u33em2,53
u33em8,51
u33emb,51
u33eq2,38
u33eq8,41
u33eqb,39
u33773,33
u3377c,58
u337k1,30
u337k3,28
u337k9,55
u337kc,25
u337m1,33
u337m3,31
u337mc,22
u337q1,39
u337q3,35
u337q9,26
u337qc,45
u337r1,60
u337r3,23
u337r9,49
u337rc,26
u33e21,60
u33e23,52
u33e29,39
u33e2c,50
u33e31,28
u33e33,42
u33e39,34
u33e3c,30
u33e61,36
u33e63,32
u33e69,57
u33e6c,23
u33e71,32
u33e79,46
u33ek1,54
u33ek3,30
u33ek9,46
u33ekc,36
u33em1,40
u33em3,45
u33em9,46
u33eq1,53
u33eq3,55
u33eq9,39
u33776,43
u3377d,46
u3377f,48
u337k4,35
u337k6,23
u337kd,28
u337m6,42
u337md,37
u337mf,48
u337q6,23
u337qd,58
u337qf,24
u337r4,41
u337r6,41
u337rd,45
u337rf,50
u33e24,25
u33e26,35
u33e2d,48
u33e2f,28
u33e34,37
u33e36,27
u33e3d,39
u33e3f,34
u33e64,34
u33e66,51
u33e6d,49
u33e6f,43
u33e74,51
u33e76,30
u33e7d,38
u33e7f,49
u33ek4,44
u33ek6,60
u33ekd,32
u33em4,53
u33em6,31
u33emd,42
u33eq4,34
u33eq6,35
u33eqd,29
u3377e,24
u3377g,57
u337k5,49
u337k7,27
u337ke,48
u337kg,56
u337m5,32
u337me,22
u337mg,34
u337q5,37
u337q7,55
u337qe,46
u337qg,20
u337r5,35
u337r7,22
u337re,26
u33e25,50
u33e27,38
u33e2e,41
u33e2g,32
u33e35,26
u33e3e,36
u33e3g,40
u33e65,26
u33e67,43
u33e6e,46
u33e6g,45
u33e77,51
u33e7e,57
u33e7g,47
u33ek5,34
u33eke,32
u33ekg,45
u33em5,38
u33em7,22
u33eme,28
u33emg,50
u33eq7,58
u3377u,55
u337kh,21
u337kk,24
u337ks,21
u337ku,42
u337mh,41
u337mk,39
u337ms,26
u337mu,21
u337qk,27
u337qs,52
u337qu,22
u337rh,20
u337rk,31
u337rs,46
u337ru,21
u33e2h,46
u33e2k,35
u33e2s,24
u33e2u,55
u33e3h,28
u33e3k,39
u33e3s,21
u33e3u,41
u33e6h,36
u33e6k,34
u33e6s,45
u33e6u,59
u33e7h,53
u33e7k,55
u33e7u,42
u33ekh,26
u33ekk,46
u33eks,35
u33eku,44
u33emh,29
u33emk,26
u33ems,56
u33emu,42
u33eqh,26
u33eqk,52
u3377v,32
u337kj,41
u337km,60
u337kt,26
u337kv,57
u337mj,42
u337mm,25
u337mt,55
u337mv,51
u337qj,37
u337qm,38
u337qt,56
u337qv,31
u337rj,24
u337rm,51
u337rt,31
u337rv,29
u33e2j,48
u33e2m,48
u33e2t,40
u33e2v,49
u33e3j,54
u33e3m,26
u33e3t,21
u33e3v,21
u33e6j,37
u33e6m,60
u33e6t,23
u33e6v,59
u33e7j,40
u33e7m,38
u33e7v,49
u33ekj,33
u33ekm,50
u33ekt,41
u33ekv,51
u33emj,38
u33emm,22
u33emt,41
u33emv,49
u33eqj,41
u337kn,22
u337kq,36
u337kw,53
u337ky,37
u337mn,22
u337mq,26
u337mw,38
u337my,25
u337qn,58
u337qq,25
u337qw,38
u337qy,44
u337rn,28
u337rq,30
u337rw,56
u337ry,49
u33e2n,25
u33e2q,35
u33e2w,35
u33e2y,40
u33e3n,35
u33e3q,51
u33e3w,43
u33e3y,26
u33e6n,27
u33e6q,37
u33e6w,51
u33e6y,45
u33e7n,25
u33e7q,45
u33e7w,38
u33ekn,55
u33ekq,44
u33eky,44
u33emn,42
u33emq,42
u33emw,22
u337kr,54
u337kx,54
u337mp,37
u337mr,47
u337mx,48
u337mz,51
u337qp,38
u337qr,57
u337qx,32
u337rp,37
u337rr,32
u337rx,48
u337rz,41
u33e2p,48
u33e2r,24
u33e2x,45
u33e2z,39
u33e3p,57
u33e3r,32
u33e3x,33
u33e3z,60
u33e6p,25
u33e6r,41
u33e6x,40
u33e6z,44
u33e7r,21
u33e7x,25
u33e7z,52
u33ekp,37
u33ekr,42
u33ekx,20
u33ekz,31
u33emp,32
u33emx,47
u33emz,49
u337s2,21
u337s8,33
u337sb,47
u337t0,52
u337t2,39
u337t8,56
u337tb,33
u337w0,37
u337w2,53
u337w8,49
u337wb,41
u337x0,47
u337x2,56
u337x8,59
u337xb,21
u33e80,45
u33e82,43
u33e88,44
u33e8b,50
u33e92,37
u33e98,30
u33e9b,58
u33ed0,32
u33ed2,51
u33ed8,57
u33edb,21
u33ee0,40
u33ee2,57
u33ee8,41
u33eeb,26
u33es0,53
u33es2,47
u33es8,49
u33esb,49
u33et0,20
u33et2,47
u33et8,23
u337s9,22
u337sc,46
u337t1,43
u337t3,56
u337t9,28
u337tc,33
u337w1,25
u337w9,45
u337wc,28
u337x1,33
u337x3,48
u337xc,45
u33e81,38
u33e83,39
u33e8c,37
u33e91,44
u33e93,53
u33e99,45
u33e9c,53
u33ed1,47
u33ed3,59
u33ed9,39
u33edc,53
u33ee1,39
u33ee3,47
u33ee9,39
u33eec,29
u33es1,45
u33es3,36
u33es9,47
u33esc,55
u33et1,21
u33et3,34
u337sf,27
u337t4,44
u337t6,24
u337td,52
u337tf,46
u337w4,41
u337w6,37
u337wd,42
u337wf,35
u337x4,53
u337x6,51
u337xd,51
u337xf,29
u33e84,23
u33e86,43
u33e8d,44
u33e8f,42
u33e94,27
u33e96,23
u33e9d,53
u33e9f,35
u33ed4,46
u33ed6,53
u33edd,56
u33edf,20
u33ee4,26
u33ee6,36
u33eed,28
u33eef,33
u33es4,57
u33es6,58
u33esd,59
u33et4,59
u337t5,25
u337t7,35
u337te,22
u337tg,53
u337w5,54
u337w7,29
u337we,36
u337wg,35
u337x5,42
u337x7,39
u337xe,35
u337xg,54
u33e85,60
u33e8e,21
u33e8g,39
u33e95,60
u33e97,46
u33e9e,38
u33e9g,44
u33ed5,27
u33ed7,42
u33ede,34
u33edg,44
u33ee5,54
u33ee7,40
u33eee,42
u33eeg,59
u33es5,48
u33es7,39
u33ese,26
u33esg,59
u337ts,51
u337tu,23
u337wh,24
u337wk,50
u337ws,23
u337wu,52
u337xh,22
u337xk,51
u337xs,41
u337xu,49
u33e8h,58
u33e8s,57
u33e8u,49
u33e9h,22
u33e9s,60
u33e9u,45
u33edh,23
u33edk,54
u33eds,25
u33eeh,24
u33eek,44
u33ees,38
u33eeu,30
u33esh,39
u33esk,54
u33ess,23
u337tv,57
u337wj,40
u337wm,51
u337wt,38
u337wv,28
u337xj,34
u337xm,50
u337xt,27
u337xv,32
u33e8j,50
u33e8m,35
u33e8t,39
u33e9j,57
u33e9m,47
u33e9v,57
u33edj,58
u33edm,57
u33edt,33
u33edv,24
u33eej,36
u33eem,50
u33eet,44
u33eev,33
u33esj,27
u337wq,47
u337ww,20
u337wy,24
u337xn,29
u337xw,24
u337xy,46
u33e8n,58
u33e8q,48
u33e8w,54
u33e8y,46
u33e9n,43
u33e9q,56
u33e9w,30
u33e9y,57
u33edn,57
u33edq,37
u33edw,51
u33een,51
u33eew,58
u33eey,38
u337wx,57
u337wz,27
u337xp,26
u337xr,29
u337xx,57
u33e8p,43
u33e8r,38
u33e8x,26
u33e8z,57
u33e9p,31
u33e9r,56
u33e9x,41
u33e9z,40
u33edp,54
u33edr,51
u33edx,20
u33edz,53
u33eep,43
u33eer,34
u337z2,36
u337z8,58
u337zb,41
u33eb0,23
u33eb2,51
u33ebb,35
u33ec0,48
u33ec2,45
u33ec8,23
u33ecb,49
u33ef0,28
u33ef2,44
u33ef8,23
u33eb3,32
u33eb9,53
u33ec1,22
u33ec3,22
u33ec9,52
